{"cameraMode":{"drawMode":0,"name":"Shaded","section":"Shading Mode"},"sceneLighting":true,"audioPlay":false,"sceneViewState":{"showFog":true,"showMaterialUpdate":false,"showSkybox":true,"showFlares":true,"showImageEffects":true,"showParticleSystems":true},"in2DMode":false,"pivot":{"x":33.51791000366211,"y":26.63628387451172,"z":35.90313720703125},"rotation":{"x":-0.4411500096321106,"y":0.05563605576753616,"z":-0.02752165123820305,"w":-0.8953663110733032},"size":25.50841522216797,"orthographic":true}